{
    "angle_increment" : 0.01745329238474369,
    "ranges" : 
    [
        1.2489999532699585,
        1.2489999532699585,
        1.2519999742507935,
        1.2799999713897705,
        1.2940000295639038,
        1.2699999809265137,
        1.3020000457763672,
        1.3170000314712524,
        1.309999942779541,
        0,
        0,
        0,
        0,
        0,
        3.9319999217987061,
        3.9730000495910645,
        4.1510000228881836,
        3.9730000495910645,
        0,
        3.8050000667572021,
        3.4960000514984131,
        3.5090000629425049,
        3.3540000915527344,
        3.2539999485015869,
        3.1489999294281006,
        3.0920000076293945,
        3.0520000457763672,
        3.0150001049041748,
        2.9590001106262207,
        2.8789999485015869,
        2.8220000267028809,
        2.8180000782012939,
        2.8239998817443848,
        2.8239998817443848,
        2.8429999351501465,
        2.8589999675750732,
        2.8320000171661377,
        2.8329999446868896,
        2.8350000381469727,
        2.8389999866485596,
        2.9019999504089355,
        2.8870000839233398,
        3.0090000629425049,
        3.0109999179840088,
        3.122999906539917,
        3.1470000743865967,
        3.3010001182556152,
        0,
        0,
        0,
        0,
        0,
        0,
        0,
        0,
        0,
        0,
        1.3630000352859497,
        1.3240000009536743,
        1.3049999475479126,
        1.3229999542236328,
        1.3669999837875366,
        1.3109999895095825,
        0,
        0.68900001049041748,
        0.69099998474121094,
        0.6940000057220459,
        0.6809999942779541,
        0.67100000381469727,
        0.66200000047683716,
        0.65499997138977051,
        0.64999997615814209,
        0.64200001955032349,
        0.63599997758865356,
        0.63400000333786011,
        0.625,
        0.61900001764297485,
        0.61400002241134644,
        0.61299997568130493,
        0.61000001430511475,
        0.61100000143051147,
        0.61599999666213989,
        0.61400002241134644,
        0.61400002241134644,
        0.61900001764297485,
        0.52600002288818359,
        0.52600002288818359,
        0.52700001001358032,
        0.49599999189376831,
        0,
        1.1599999666213989,
        1.2730000019073486,
        1.2660000324249268,
        1.2690000534057617,
        1.2829999923706055,
        1.25,
        1.3009999990463257,
        1.2280000448226929,
        0,
        3.3210000991821289,
        0,
        0,
        0,
        0,
        0,
        0,
        0,
        0,
        0,
        0,
        0,
        0,
        0,
        0,
        0,
        0,
        0,
        0,
        0,
        0,
        0,
        0,
        0,
        0,
        0,
        1.3559999465942383,
        1.312999963760376,
        1.3220000267028809,
        1.3220000267028809,
        1.1749999523162842,
        1.1549999713897705,
        1.1820000410079956,
        0,
        0,
        0,
        0,
        0,
        0,
        0,
        0,
        0,
        0,
        0,
        0,
        0,
        0,
        0,
        0,
        0,
        0,
        0,
        0,
        0,
        0,
        0,
        0,
        1.0770000219345093,
        1.0399999618530273,
        1.0199999809265137,
        1.0130000114440918,
        0.99699997901916504,
        0.92799997329711914,
        1.031999945640564,
        1.0140000581741333,
        1.0060000419616699,
        1.0149999856948853,
        1.1519999504089355,
        0,
        0,
        0,
        0,
        0,
        0,
        0,
        0,
        0,
        0,
        0,
        0,
        0,
        0,
        0,
        0,
        0,
        0,
        0,
        0,
        0,
        0,
        0,
        0,
        0,
        0,
        3.1119999885559082,
        2.9449999332427979,
        2.8689999580383301,
        0,
        0,
        0,
        2.3810000419616699,
        2.3039999008178711,
        2.246999979019165,
        2.1740000247955322,
        1.9270000457763672,
        1.8960000276565552,
        1.9359999895095825,
        0,
        1.2910000085830688,
        1.781999945640564,
        1.7319999933242798,
        0,
        0,
        0,
        0,
        0,
        0,
        0,
        0,
        0,
        0,
        0,
        0,
        0,
        0,
        0,
        0,
        0,
        0,
        0,
        0,
        0,
        0,
        0,
        0,
        0,
        0,
        0,
        0,
        0,
        0,
        0,
        0,
        0,
        0,
        0,
        0,
        0,
        0.46399998664855957,
        0.46399998664855957,
        0.45399999618530273,
        0.45100000500679016,
        0.44600000977516174,
        0.44499999284744263,
        0.4440000057220459,
        0.4440000057220459,
        0.4440000057220459,
        0.4440000057220459,
        0.44499999284744263,
        0.44600000977516174,
        0.44800001382827759,
        0,
        1.0529999732971191,
        1.062999963760376,
        1.0709999799728394,
        1.0490000247955322,
        1.0440000295639038,
        1.0609999895095825,
        1.0260000228881836,
        0.98600000143051147,
        0.98600000143051147,
        1.1510000228881836,
        1.1369999647140503,
        1.1310000419616699,
        1.1480000019073486,
        1.1430000066757202,
        1.1490000486373901,
        1.1729999780654907,
        1.1529999971389771,
        1.1859999895095825,
        1.190000057220459,
        1.1759999990463257,
        1.1820000410079956,
        1.2100000381469727,
        1.2109999656677246,
        1.2100000381469727,
        1.2209999561309814,
        1.2309999465942383,
        1.2439999580383301,
        1.2480000257492065,
        1.2610000371932983,
        1.2580000162124634,
        1.284000039100647,
        1.2929999828338623,
        1.315000057220459,
        1.3200000524520874,
        1.8389999866485596,
        0.88899999856948853,
        0.88899999856948853,
        0.85000002384185791,
        0.83300000429153442,
        0.84399998188018799,
        0.7929999828338623,
        0.85900002717971802,
        0.69599997997283936,
        0.76499998569488525,
        0.72000002861022949,
        0.71700000762939453,
        0.71399998664855957,
        0.625,
        0.71299999952316284,
        0.70399999618530273,
        0.69499999284744263,
        0.65200001001358032,
        0.64899998903274536,
        0.6470000147819519,
        0.64899998903274536,
        0.63700002431869507,
        0.62599998712539673,
        0.63499999046325684,
        0.63899999856948853,
        0.64200001955032349,
        0.66200000047683716,
        0.67000001668930054,
        0.67299997806549072,
        0,
        1.3990000486373901,
        1.3789999485015869,
        1.343999981880188,
        1.371999979019165,
        1.3550000190734863,
        1.3350000381469727,
        1.3209999799728394,
        1.3279999494552612,
        1.3200000524520874,
        1.315000057220459,
        1.309999942779541,
        1.2760000228881836,
        1.2860000133514404,
        1.2979999780654907,
        1.2829999923706055,
        1.2879999876022339,
        1.2899999618530273,
        1.2749999761581421,
        1.2749999761581421,
        1.2719999551773071,
        1.2649999856948853,
        1.2519999742507935,
        1.2480000257492065,
        1.2430000305175781,
        1.2619999647140503,
        1.2680000066757202,
        1.2460000514984131,
        1.2560000419616699,
        1.253000020980835,
        1.2599999904632568,
        1.2510000467300415,
        1.2680000066757202,
        1.2640000581741333,
        1.2489999532699585,
        1.2519999742507935
    ]
}
