{
    "angle_increment" : 0.01745329238474369,
    "ranges" : 
    [
        1.6779999732971191,
        1.7439999580383301,
        1.7619999647140503,
        1.6200000047683716,
        1.6089999675750732,
        1.6150000095367432,
        1.5750000476837158,
        1.6510000228881836,
        1.6349999904632568,
        1.6640000343322754,
        1.7089999914169312,
        1.7489999532699585,
        1.7510000467300415,
        1.8240000009536743,
        1.7860000133514404,
        2.2039999961853027,
        2.2109999656677246,
        2.0580000877380371,
        2.0450000762939453,
        1.9500000476837158,
        2.0799999237060547,
        2.2130000591278076,
        2.2070000171661377,
        2.562000036239624,
        2.8250000476837158,
        3.0780000686645508,
        3.0880000591278076,
        2.9809999465942383,
        0,
        0,
        0,
        0,
        0,
        0,
        4.184999942779541,
        0,
        0,
        0,
        0,
        0,
        0,
        0,
        0,
        0,
        0,
        0,
        0,
        0,
        0,
        0,
        0,
        0,
        3.5880000591278076,
        3.6579999923706055,
        3.6700000762939453,
        0,
        0,
        0,
        0,
        0,
        0,
        0,
        0,
        0,
        0,
        0,
        0,
        0,
        0,
        0,
        0,
        0,
        0,
        0,
        0,
        0,
        0,
        0,
        0,
        0,
        0,
        0,
        0,
        0,
        0,
        0,
        0,
        0,
        0,
        0,
        0,
        0,
        0,
        0,
        0,
        0,
        0,
        0,
        0,
        0,
        0,
        0,
        0,
        0,
        0,
        0,
        0,
        0,
        0,
        0,
        0,
        0,
        0,
        0,
        0,
        0,
        0,
        0,
        0,
        0,
        0,
        0,
        0.39399999380111694,
        0.39399999380111694,
        0.39399999380111694,
        0.37999999523162842,
        0.37400001287460327,
        0.37200000882148743,
        0.37000000476837158,
        0.36899998784065247,
        0.36700001358985901,
        0.36599999666213989,
        0.36399999260902405,
        0.36300000548362732,
        0.36100000143051147,
        0.36000001430511475,
        0.35899999737739563,
        0.35899999737739563,
        0.36000001430511475,
        0,
        0,
        0,
        1.4040000438690186,
        1.4040000438690186,
        1.3799999952316284,
        1.3810000419616699,
        1.4429999589920044,
        1.4179999828338623,
        1.4880000352859497,
        1.4939999580383301,
        1.5479999780654907,
        0,
        0,
        0,
        0,
        0,
        0,
        0,
        0,
        0,
        0,
        0,
        0,
        0,
        0,
        0,
        0,
        0,
        0,
        0,
        0,
        0,
        0,
        0,
        0,
        0,
        0,
        0,
        0,
        0,
        0,
        0,
        0,
        0,
        0,
        0,
        0,
        0,
        0,
        0,
        0,
        0,
        0,
        0,
        0,
        0,
        0,
        0,
        0,
        0,
        0,
        0,
        0,
        0,
        0,
        0,
        0,
        0,
        0,
        0,
        0,
        0,
        0,
        0,
        0,
        0,
        0,
        0,
        0,
        0,
        0,
        0,
        0,
        0,
        0,
        0,
        0,
        0,
        0,
        0,
        4.1310000419616699,
        1.6000000238418579,
        1.5279999971389771,
        0,
        1.4259999990463257,
        0,
        1.4329999685287476,
        1.1619999408721924,
        1.1160000562667847,
        1.125,
        1.0950000286102295,
        1.1180000305175781,
        1.0880000591278076,
        1.1449999809265137,
        1.1310000419616699,
        1.187999963760376,
        1.2549999952316284,
        1.3320000171661377,
        1.3179999589920044,
        0,
        3.9460000991821289,
        3.8250000476837158,
        3.5959999561309814,
        3.4579999446868896,
        3.3350000381469727,
        3.247999906539917,
        3.125999927520752,
        3.0079998970031738,
        2.9279999732971191,
        2.8399999141693115,
        2.7899999618530273,
        2.6289999485015869,
        2.5580000877380371,
        2.4790000915527344,
        2.4140000343322754,
        2.3469998836517334,
        2.2969999313354492,
        2.25,
        2.1979999542236328,
        2.1319999694824219,
        2.1029999256134033,
        2.0450000762939453,
        2.0209999084472656,
        1.9850000143051147,
        1.9500000476837158,
        1.9299999475479126,
        1.8559999465942383,
        1.8220000267028809,
        1.8070000410079956,
        1.7640000581741333,
        1.7239999771118164,
        1.6929999589920044,
        1.6790000200271606,
        1.6859999895095825,
        1.6419999599456787,
        1.6139999628067017,
        1.6000000238418579,
        1.5829999446868896,
        1.559999942779541,
        1.5520000457763672,
        1.5149999856948853,
        1.496999979019165,
        1.4819999933242798,
        1.4809999465942383,
        1.190000057220459,
        1.1710000038146973,
        1.1779999732971191,
        1.1629999876022339,
        1.1779999732971191,
        1.1629999876022339,
        1.1310000419616699,
        1.1349999904632568,
        1.1440000534057617,
        1.1039999723434448,
        1.125,
        1.1150000095367432,
        1.1139999628067017,
        1.0900000333786011,
        1.1189999580383301,
        1.0900000333786011,
        1.1009999513626099,
        1.090999960899353,
        1.0709999799728394,
        1.090999960899353,
        1.0750000476837158,
        1.0690000057220459,
        1.0839999914169312,
        1.2920000553131104,
        1.2860000133514404,
        1.3209999799728394,
        1.3270000219345093,
        1.3170000314712524,
        1.2990000247955322,
        1.312000036239624,
        1.2749999761581421,
        1.281999945640564,
        1.2860000133514404,
        1.2940000295639038,
        1.2960000038146973,
        1.2960000038146973,
        1.3079999685287476,
        1.315000057220459,
        1.3009999990463257,
        1.309999942779541,
        1.3350000381469727,
        1.3229999542236328,
        1.3209999799728394,
        1.3359999656677246,
        1.343000054359436,
        1.3470000028610229,
        1.3609999418258667,
        1.3650000095367432,
        1.3789999485015869,
        1.3880000114440918,
        1.3940000534057617,
        1.4199999570846558,
        1.4279999732971191,
        1.4199999570846558,
        1.4290000200271606,
        1.4600000381469727,
        1.4529999494552612,
        1.4839999675750732,
        1.4939999580383301,
        1.4919999837875366,
        1.5230000019073486,
        1.5429999828338623,
        1.5759999752044678,
        1.590999960899353,
        1.6050000190734863,
        1.656000018119812
    ]
}
