{
    "angle_increment" : 0.01745329238474369,
    "ranges" : 
    [
        1.2669999599456787,
        1.2929999828338623,
        1.3020000457763672,
        1.2869999408721924,
        2.8259999752044678,
        2.8090000152587891,
        2.8420000076293945,
        2.8650000095367432,
        2.8940000534057617,
        2.9240000247955322,
        2.9800000190734863,
        2.9760000705718994,
        2.9639999866485596,
        2.9839999675750732,
        3.005000114440918,
        3.0550000667572021,
        3.2690000534057617,
        3.3559999465942383,
        3.2349998950958252,
        3.1500000953674316,
        3.0260000228881836,
        3.0859999656677246,
        2.9309999942779541,
        2.8650000095367432,
        2.8499999046325684,
        2.8459999561309814,
        0.94800001382827759,
        0.94800001382827759,
        0.94499999284744263,
        0.92500001192092896,
        0.93199998140335083,
        0.91900002956390381,
        0.91600000858306885,
        0.92299997806549072,
        1.0019999742507935,
        1.0460000038146973,
        0.9660000205039978,
        0,
        0.90499997138977051,
        0.91600000858306885,
        0.63599997758865356,
        0.63599997758865356,
        0.63400000333786011,
        0.63400000333786011,
        0.62699997425079346,
        0.62699997425079346,
        0.63200002908706665,
        0.63400000333786011,
        0.68199998140335083,
        0.81099998950958252,
        0.82700002193450928,
        0.84299999475479126,
        0.84799998998641968,
        0.70899999141693115,
        0.76899999380111694,
        0.77100002765655518,
        0.68999999761581421,
        0.67599999904632568,
        0.70499998331069946,
        0.56999999284744263,
        0.57700002193450928,
        0.58399999141693115,
        0.5910000205039978,
        0.59799998998641968,
        0.60500001907348633,
        0,
        0,
        0.78700000047683716,
        0.76800000667572021,
        0.74900001287460327,
        0.74500000476837158,
        0.73100000619888306,
        0.73400002717971802,
        0.72100001573562622,
        0.71200001239776611,
        0.70499998331069946,
        0.70499998331069946,
        0.70899999141693115,
        0.71799999475479126,
        0,
        0,
        0,
        0,
        0.67400002479553223,
        0.72000002861022949,
        0.7149999737739563,
        0.70999997854232788,
        0.67100000381469727,
        0.74800002574920654,
        1.0789999961853027,
        1.246999979019165,
        0,
        0,
        0,
        0,
        0,
        0,
        0,
        0,
        0,
        0,
        0,
        0,
        0,
        0,
        0,
        0,
        0,
        0,
        0,
        0,
        0,
        0,
        0,
        0,
        0,
        0,
        0,
        0,
        0,
        0,
        0,
        0,
        0,
        0,
        0,
        0,
        0,
        0,
        0,
        0,
        0,
        0,
        0,
        0,
        0,
        0,
        0,
        0,
        0,
        0,
        1.0420000553131104,
        0.86000001430511475,
        0.86000001430511475,
        0.90100002288818359,
        0,
        0.74299997091293335,
        0.69700002670288086,
        0.74500000476837158,
        0.74699997901916504,
        0.75,
        0.75499999523162842,
        0,
        0,
        0,
        0.76700001955032349,
        0,
        0,
        0,
        0,
        0,
        0,
        0,
        0,
        0,
        0,
        0,
        0,
        0,
        0,
        0,
        0,
        0,
        0,
        0,
        0,
        0,
        0,
        0,
        0,
        0,
        0,
        0,
        0,
        3.2230000495910645,
        3.0550000667572021,
        2.937999963760376,
        2.8629999160766602,
        0,
        0,
        2.5099999904632568,
        2.4089999198913574,
        2.3050000667572021,
        2.2109999656677246,
        1.9570000171661377,
        1.9320000410079956,
        1.9450000524520874,
        1.8990000486373901,
        0,
        0,
        0,
        0,
        0,
        0,
        0,
        0,
        0,
        0,
        0,
        0,
        0,
        0,
        0,
        0,
        0,
        0,
        0,
        0,
        0,
        0,
        0,
        0,
        0,
        0,
        0,
        0,
        0,
        0,
        0,
        0,
        0,
        0,
        0,
        0,
        0,
        0,
        0,
        0,
        0,
        0.41800001263618469,
        0.41800001263618469,
        0.40999999642372131,
        0.40700000524520874,
        0.40400001406669617,
        0.40400001406669617,
        0.40200001001358032,
        0.40099999308586121,
        0.40000000596046448,
        0,
        0,
        1.0440000295639038,
        0.21500000357627869,
        0.21500000357627869,
        0.21699999272823334,
        0.21600000560283661,
        0.21600000560283661,
        0.21600000560283661,
        0.21699999272823334,
        0.21799999475479126,
        0.2199999988079071,
        0.22300000488758087,
        0.22499999403953552,
        0.22800000011920929,
        0.23100000619888306,
        0.23499999940395355,
        0.2370000034570694,
        0.24099999666213989,
        0.24500000476837158,
        0.25099998712539673,
        0.25600001215934753,
        0.26199999451637268,
        0.26800000667572021,
        0.27799999713897705,
        0.28400000929832458,
        0.34700000286102295,
        0,
        1.2170000076293945,
        1.187000036239624,
        1.1959999799728394,
        1.1990000009536743,
        1.1970000267028809,
        1.1990000009536743,
        1.2220000028610229,
        1.2439999580383301,
        1.2450000047683716,
        1.2549999952316284,
        1.2599999904632568,
        1.2760000228881836,
        1.7549999952316284,
        0.2070000022649765,
        0.2070000022649765,
        0.19699999690055847,
        0.1940000057220459,
        0.19099999964237213,
        0.18799999356269836,
        0.18600000441074371,
        0.18400000035762787,
        0.18299999833106995,
        0.18199999630451202,
        0.18199999630451202,
        0.18199999630451202,
        0.18400000035762787,
        0.18500000238418579,
        0.18700000643730164,
        0.18799999356269836,
        0.18999999761581421,
        0.19300000369548798,
        0.19499999284744263,
        0.19799999892711639,
        0.20100000500679016,
        0.20800000429153442,
        0.21699999272823334,
        0.22200000286102295,
        0.23100000619888306,
        0.23600000143051147,
        0.24500000476837158,
        0.25,
        0.27500000596046448,
        0.48899999260902405,
        0.48899999260902405,
        0.48899999260902405,
        0.48899999260902405,
        0.48800000548362732,
        0.48800000548362732,
        0.4869999885559082,
        0.4869999885559082,
        0.4869999885559082,
        0.4869999885559082,
        0.48800000548362732,
        0.49000000953674316,
        0.49200001358985901,
        0.49399998784065247,
        0.49799999594688416,
        0.50099998712539673,
        0.50499999523162842,
        0.50900000333786011,
        0.51399999856948853,
        0.51999998092651367,
        0.52799999713897705,
        0.53700000047683716,
        0.54799997806549072,
        0.5690000057220459,
        0.6029999852180481,
        1.2849999666213989,
        1.2200000286102295,
        1.253000020980835,
        1.2460000514984131,
        1.2400000095367432,
        1.246999979019165,
        1.2380000352859497,
        1.2289999723434448,
        1.2580000162124634,
        1.2389999628067017,
        1.2489999532699585,
        1.2519999742507935,
        1.2439999580383301,
        1.2350000143051147,
        1.2619999647140503,
        1.2410000562667847,
        1.2580000162124634
    ]
}
