{
    "pose" : 
    {
        "pose" : 
        {
            "orientation" : 
            {
                "w" : 0.30596911907196045,
                "x" : 0,
                "y" : 0,
                "z" : -0.95204144716262817
            },
            "position" : 
            {
                "x" : -0.24516615271568298,
                "y" : -0.90884345769882202,
                "z" : 0
            }
        }
    }
}
