{
    "pose" : 
    {
        "pose" : 
        {
            "orientation" : 
            {
                "w" : 0.9999997615814209,
                "x" : 0,
                "y" : 0,
                "z" : 0.00072121614357456565
            },
            "position" : 
            {
                "x" : 0.069199368357658386,
                "y" : 8.60450672917068e-05,
                "z" : 0
            }
        }
    }
}
