{
    "pose" : 
    {
        "pose" : 
        {
            "orientation" : 
            {
                "w" : 0.98474067449569702,
                "x" : 0,
                "y" : 0,
                "z" : 0.17402824759483337
            },
            "position" : 
            {
                "x" : 17.490118026733398,
                "y" : 7.2541327476501465,
                "z" : 0
            }
        }
    }
}
